Emp ID	Name	Alias Name	Location	Process	Department	SME	Team Leader	AM	Manager	Sr. Manager	Unit HOD
100452	Ajay Suri	Chase	DEL	ABS	English Sales	-	Kam	Roman	-	-	Hugh
100146	Tarun kukreja	Mosses	DEL	ABS	English Sales	-	Roman	Roman	-	-	Hugh
100644	Samarjeet Singh	Frank	DEL	ABS	English Sales	-	Kam	Roman	-	-	Hugh
100526	Vicky Kumar Barnwal	Victor	DEL	ABS	English Sales	-	Kam	Roman	-	-	Hugh
100435	Pankaj Suri	Huxley	DEL	ABS	English Sales	-	Rico	Roman	-	-	Hugh
100423	Rohit Kumar Gupta	Ravin	DEL	ABS	English Sales	-	Roman	Roman	-	-	Hugh
100758	Anshul Sabharwal	Charles	DEL	ABS	English Sales	-	Rico	Roman	-	-	Hugh
100759	Harsh Mittal	Julius	DEL	ABS	English Sales	-	Roman	Roman	-	-	Hugh
100448	Sagar Yadav	Salvin	DEL	ABS	English Sales	-	Roman	Roman	-	-	Hugh
100447	Sandhya Singh	Ariana	DEL	ABS	English Sales	-	Rico	Roman	-	-	Hugh
100279	Anurag Nagi	Atticus	DEL	ABS	English Sales	-	Rico	Roman	-	-	Hugh
100695	Vikas	Jamie	DEL	ABS	English Sales	-	Roman	Roman	-	-	Hugh
100425	Raman Shrivastav	Dylan	DEL	ABS	English Sales	-	Rico	Roman	-	-	Hugh
100777	Sakshi Trehan	Sophie	DEL	ABS	English Sales	-	Rico	Roman	-	-	Hugh
100476	Muskan Bhardwaj	Hayley	DEL	ABS	English Sales	-	Rico	Roman	-	-	Hugh
100838	Kunal Madaan	Sandy	DEL	ABS	English Sales	-	Roman	Roman	-	-	Hugh
100311	Devansh Maggo	Mike	DEL	ABS	English Sales	-	Rico	Roman	-	-	Hugh
100697	Roopak Kalia	Ron	DEL	ABS	English Sales	-	Roman	Roman	-	-	Hugh
100514	Rakesh Kumar	Drake	DEL	ABS	English Sales	-	Roman	Roman	-	-	Hugh
100809	Akshay Yadav	Randall	DEL	ABS	English Sales	-	Roman	Roman	-	-	Hugh
100669	Kunal Kumar	Ralf	DEL	ABS	English Sales	-	Rico	Roman	-	-	Hugh
100477	Akshay Gill	Troy	DEL	ABS	English Sales	-	Roman	Roman	-	-	Hugh
100844	Nitin Singhal	Jared	DEL	ABS	English Sales	-	Rico	Roman	-	-	Hugh
100827	Jatin Singhal	Jeff	DEL	ABS	English Sales	-	Rico	Roman	-	-	Hugh
100516	Rashmi	Verona	DEL	ABS	English Sales	-	Rico	Roman	-	-	Hugh
100760	Pranjal Sharma	Aaron	DEL	ABS	English Sales	-	Kam	Roman	-	-	Hugh
100670	Astha Matura	Skye	DEL	ABS	English Sales	-	Roman	Roman	-	-	Hugh
100805	Mahesh CA	Maddy	DEL	ABS	English Sales	-	Kam	Roman	-	-	Hugh
100824	Rishabh Gupta	Norton	DEL	ABS	English Sales	-	Kam	Roman	-	-	Hugh
100783	Abhishek Sharma	Caspian	DEL	ABS	English Sales	-	Kam	Roman	-	-	Hugh
100461	Harshit Bajaj	Eddy	DEL	ABS	English Sales	-	Kam	Roman	-	-	Hugh
100457	Yogesh Dabla	Romeo	DEL	ABS	English Sales	-	Kam	Roman	-	-	Hugh
100549	Ritesh Kumar Thakur	Rocky	DEL	ABS	English Sales	-	Kam	Roman	-	-	Hugh
100401	Deepanshu Bashani	Kelton	DEL	ABS	English Sales	-	Rico	Roman	-	-	Hugh
100778	Deepak Chugh	Venky	DEL	ABS	English Sales	-	Kam	Roman	-	-	Hugh
100726	Ashish Kumar	Alexander	DEL	ABS	English Sales	-	Roman	Roman	-	-	Hugh
100735	Gurpreet Singh	Nick	DEL	ABS	English Sales	-	Rico	Roman	-	-	Hugh
100847	Sujit Kumar Singh	Damian	DEL	ABS	English Sales	-	Roman	Roman	-	-	Hugh
100746	Manoj	Ramsey	DEL	ABS	English Sales	-	Kam	Roman	-	-	Hugh
100705	Hitesh Narwar	Rick	DEL	ABS	English Sales	-	Roman	Roman	-	-	Hugh
100785	Saurav Kumar	Justin	DEL	ABS	English Sales	-	Kam	Roman	-	-	Hugh
100708	Akshay Rangwal	Max	CHD	ABS	English Sales	-	TBA-Paul	-	-	-	Hugh
100702	Tapan Bhagait	John	CHD	ABS	English Sales	-	TBA-Paul	-	-	-	Hugh
100738	Manbeer Singh	Alfie	CHD	ABS	English Sales	-	TBA-Paul	-	-	-	Hugh
100512	Chhaya	Stella	CHD	ABS	English Sales	-	TBA-Paul	-	-	-	Hugh
100853	Danish	Walter	CHD	ABS	English Sales	-	TBA-Paul	-	-	-	Hugh
100854	Gurneet Singh	Gordan	CHD	ABS	English Sales	-	TBA-Paul	-	-	-	Hugh
100737	Gurleen Singh	Richard	CHD	ABS	English Sales	-	TBA-Paul	-	-	-	Hugh
100556	Dishant	Dan	CHD	ABS	English Sales	-	TBA-Paul	-	-	-	Hugh
100555	Kanchan	Veronica	CHD	ABS	English Sales	-	TBA-Paul	-	-	-	Hugh
100812	Sara Verma	Sera	CHD	ABS	English Sales	-	TBA-Paul	-	-	-	Hugh
100779	Jassimran Singh Arora	Soren	CHD	ABS	English Sales	-	TBA-Paul	-	-	-	Hugh
100823	Rajni	Kim	CHD	ABS	English Sales	-	TBA-Paul	-	-	-	Hugh
100564	Nikhil Arora	Glen	CHD	ABS	English Sales	-	TBA-Paul	-	-	-	Hugh
100771	Ashminder Pal Singh	Ammy	CHD	ABS	English Sales	-	TBA-Paul	-	-	-	Hugh
100660	Navneet Majoka	Shawn	CHD	ABS	English Sales	-	TBA-Paul	-	-	-	Hugh
100664	Sandeep Gill	Mark	CHD	ABS	English Sales	-	TBA-Paul	-	-	-	Hugh
100837	Tahura Fatima	Lisa	CHD	ABS	English Sales	-	TBA-Paul	-	-	-	Hugh
100662	Abhishek Nautiyal	Roberto	CHD	ABS	English Sales	-	TBA-Paul	-	-	-	Hugh
100707	Sunpreet Kaur	Sydney	CHD	ABS	English Sales	-	TBA-Paul	-	-	-	Hugh
100471	Shubham	Garry	CHD	ABS	English Sales	-	TBA-Paul	-	-	-	Hugh
100693	Bhavya sharma	Betty	CHD	ABS	English Sales	-	TBA-Paul	-	-	-	Hugh
100648	Deepinder Kaur	Yana	CHD	ABS	English Sales	-	TBA-Paul	-	-	-	Hugh
100557	Yatin	Billy	CHD	ABS	English Sales	-	TBA-Paul	-	-	-	Hugh
100527	Ankur	Chesley	CHD	ABS	English Sales	-	TBA-Paul	-	-	-	Hugh
100656	Lalit Arora	Chad	CHD	ABS	English Sales	-	TBA-Paul	-	-	-	Hugh
100256	Aman	Alvin	DEL	ABS	Business Class	-	Robin	-	-	-	Hugh
100834	Rajat Sachdeva	Robin	DEL	ABS	Business Class	-	-	-	-	-	Hugh
100734	Rikanshu Dhawan	Ethan	CHD	ABS	Business Class	-	Robin	-	-	-	Hugh
100832	Sandeep Chuhan	Mason	CHD	ABS	Business Class	-	Robin	-	-	-	Hugh
100828	Darshana Oinam	Sage	CHD	ABS	English Sales	-	TBA-Paul	-	-	-	Hugh
100545	Taran	James	CHD	ABS	English Sales	-	TBA-Paul	-	-	-	Hugh
100682	Dipesh Malhotra	Roxy	CHD	ABS	English Sales	-	TBA-Paul	-	-	-	Hugh
100741	Amit Kumar	Steve	CHD	ABS	English Sales	-	TBA-Paul	-	-	-	Hugh
100299	Manish Saini	Hugh	DEL	ABS	English Sales	-	-	-	-	-	Hugh
100355	Rahul Goyal	Rico	DEL	ABS	English Sales	-	-	-	-	-	Hugh
100318	Rishu Jain	Roman	DEL	ABS	English Sales	-	-	-	-	-	Hugh
100455	Kapil Taluja	Kam 	DEL	ABS	English Sales	-	-	-	-	-	Hugh
100393	Vijay Singh	Russell	DEL	ABS	English Sales	-	-	-	-	-	Hugh
100603	Ketan Rana	Kane	CHD	FKT-NZ	English Sales	Anupam	TBA-Paul	-	-	-	Paul
100683	Anupam Chakraborty	Anupam	CHD	FKT-NZ	English Sales	-	TBA-Paul	-	-	-	Paul
100817	Kajal	Kajal	CHD	FKT-NZ	English Sales	Anupam	TBA-Paul	-	-	-	Paul
100290	Jhanak Malhotra	Amador	DEL	ABS	Spanish Sales	Renato	Mario	-	-	-	Suzy
100755	Himanshu Mehta	Franco 	DEL	ABS	Spanish Sales	Renato	Mario	-	-	-	Suzy
100756	Sahil Chauhan	Jose	DEL	ABS	Spanish Sales	Renato	Mario	-	-	-	Suzy
100757	Rohit	Marino	DEL	ABS	Spanish Sales	Renato	Mario	-	-	-	Suzy
100269	Vikas Ganotra	Felipe	DEL	ABS	Spanish Sales	Renato	Mario	-	-	-	Suzy
100544	Prabhpreet Singh	Domingo	DEL	ABS	Spanish Sales	Renato	Mario	-	-	-	Suzy
100616	Rahul Kumar	Nicolas	DEL	ABS	Spanish Sales	Renato	Mario	-	-	-	Suzy
100289	Uday	Esteban	DEL	ABS	Spanish Sales	Renato	Mario	-	-	-	Suzy
100360	Md. Shadab 	Oswaldo	DEL	ABS	Spanish Sales	Renato	Mario	-	-	-	Suzy
100789	Mohit	Lucas	DEL	ABS	Spanish Sales	Renato	Mario	-	-	-	Suzy
100268	Sunil Kumar	Enrico	DEL	ABS	Spanish Sales	Renato	Mario	-	-	-	Suzy
100617	Sagar	Salviano	DEL	ABS	Spanish Sales	Renato	Mario	-	-	-	Suzy
100703	Anil Singh Negi	Sebastian	DEL	ABS	Spanish Sales	Renato	Mario	-	-	-	Suzy
100242	Subhashree Patnaik	Suzy	DEL	ABS	Spanish Sales	-	-	-	-	-	Suzy
100274	Himanshu Sehrawat	Mario	DEL	LBF	Spanish Sales	-	-	-	-	-	Suzy
100294	Rachit Sharma	Renato	DEL	ABS	Spanish Sales	-	Mario	-	-	-	Suzy
100331	Arishma	Evelyn	DEL	LBF	English Sales	-	Rowen	-	-	-	Hank
100638	Jogesh Arora	Rufus	DEL	LBF	English Sales	-	Rowen	-	-	-	Hank
100574	Vipul Bhatia	Jimmy	DEL	LBF	English Sales	-	Rowen	-	-	-	Hank
100716	Neha Bisht	Krysten	DEL	LBF	English Sales	-	Rowen	-	-	-	Hank
100465	Manoj Kumar Nanawat	Jeremieh	DEL	LBF	English Sales	-	Rowen	-	-	-	Hank
100364	Manoj Singh	Leo	DEL	LBF	English Sales	-	Rowen	-	-	-	Hank
100821	Kamal Joshi	Joshua	DEL	LBF	English Sales	-	Rowen	-	-	-	Hank
100717	Rohit Sharma	Sam	DEL	LBF	English Sales	-	Rowen	-	-	-	Hank
100764	Pranav Narula	Harvey	DEL	LBF	English Sales	-	Rowen	-	-	-	Hank
100848	Meraj Atia	Cory	DEL	LBF	English Sales	-	Rowen	-	-	-	Hank
100736	Akshit Wason	Austin	DEL	LBF	English Sales	-	Rowen	-	-	-	Hank
100749	Saroj Kumar	Ricky	DEL	LBF	English Sales	-	Rowen	-	-	-	Hank
100324	Chanchal Beniwal	Michelle	DEL	LBF	English Sales	-	Will	-	-	-	Hank
100685	Jaspreet Kaur Bindra	Angelina	DEL	LBF	English Sales	-	Will	-	-	-	Hank
100596	Mohd Kaif	Matthew	DEL	LBF	English Sales	-	Will	-	-	-	Hank
100337	Lalit Kumar Dogra	Ryan	DEL	LBF	English Sales	-	Will	-	-	-	Hank
100472	Mridul Joshi	Jim	DEL	LBF	English Sales	-	Will	-	-	-	Hank
100624	Chand Miyan	Isaac	DEL	LBF	English Sales	-	Will	-	-	-	Hank
100671	Avnindra Shukla	Anthony	DEL	LBF	English Sales	-	Will	-	-	-	Hank
100765	Lokesh Bakshi	Lucky	DEL	LBF	English Sales	-	Will	-	-	-	Hank
100804	Kareena Singnal	Carina	DEL	LBF	English Sales	-	Will	-	-	-	Hank
100340	Sehaj Preet Singh	Marvin	DEL	LBF	English Sales	-	Will	-	-	-	Hank
100588	Ankit	Damon	DEL	LBF	English Sales	-	Will	-	-	-	Hank
100428	Anchal Sharma	Ana	DEL	LBF	English Sales	-	Will	-	-	-	Hank
100610	Puru Bhardwaj	Jeremy	DEL	LBF	English Sales	-	Will	-	-	-	Hank
100840	Ashish Chaudhary	Marion	DEL	LBF	English Sales	-	Will	-	-	-	Hank
100842	Virender	Felix	DEL	LBF	English Sales	-	Will	-	-	-	Hank
100829	Muskan Panchal	Olivia	CHD	LBF	English Sales	-	TBA-George	-	-	-	Hank
100739	Tina Bandoliya	Shelly	CHD	LBF	English Sales	-	TBA-George	-	-	-	Hank
100813	Abhishek Mizar	Derrek	CHD	LBF	English Sales	-	TBA-George	-	-	-	Hank
100668	Pankaj Guleria	Andy	CHD	LBF	English Sales	-	TBA-George	-	-	-	Hank
100486	Akhil Katoch	Alex	CHD	LBF	English Sales	-	TBA-George	-	-	-	Hank
100780	Aman Sati	Luis	CHD	LBF	English Sales	-	TBA-George	-	-	-	Hank
100781	Ayush Sharma	Zane	CHD	LBF	English Sales	-	TBA-George	-	-	-	Hank
100491	Akshita Sharma	Erine	CHD	LBF	English Sales	-	TBA-George	-	-	-	Hank
100772	Apsara	Sarah	CHD	LBF	English Sales	-	TBA-George	-	-	-	Hank
100742	Divesh Kashyap	Paxton	CHD	LBF	English Sales	-	TBA-George	-	-	-	Hank
100602	Navmeet Singh	Larry	CHD	LBF	English Sales	-	TBA-George	-	-	-	Hank
100686	Jashanpreet Kaur	Jasmine	CHD	LBF	English Sales	-	TBA-George	-	-	-	Hank
100485	Robin 	Robin	CHD	LBF	English Sales	-	TBA-George	-	-	-	Hank
100532	Sunidhi Kapoor	Melissa	CHD	LBF	English Sales	-	TBA-George	-	-	-	Hank
100320	Wakas Bin Rasheed	Will	DEL	LBF	English Sales	-	-	-	-	-	Hank
100481	Munish Mongia	George	CHD	LBF	English Sales	-	-	-	-	-	Hank
100325	Hemant Singh Chauhan	Hank	DEL	LBF	English Sales	-	-	-	-	-	Hank
100636	Rohan Shrivastav	Rowen	DEL	LBF	English Sales	-	-	-	-	-	Hank
100263	Himanshu Kumar	Camilo	DEL	LBF	Spanish Sales	Renato	Mario	-	-	-	Suzy
100358	Sushil Kumar	Diego	DEL	LBF	Spanish Sales	Renato	Mario	-	-	-	Suzy
100553	Sakshi Sharma	Julia	DEL	LBF	Spanish Sales	Renato	Mario	-	-	-	Suzy
100300	Rohan Dutt	Tomas	DEL	LBF	Spanish Sales	Renato	Mario	-	-	-	Suzy
100266	Gautam Saxena	Liovan	DEL	LBF	Spanish Sales	Renato	Mario	-	-	-	Suzy
100262	Jigyasa Arora	Martina	DEL	LBF	Spanish Sales	Renato	Mario	-	-	-	Suzy
100270	Himanshu Chaurasiya	Rafael	DEL	LBF	Spanish Sales	Renato	Mario	-	-	-	Suzy
100265	Kanishka Madaan	Leticia	DEL	LBF	Spanish Sales	Renato	Mario	-	-	-	Suzy
100836	Homair Ahad	Alvaro	DEL	LBF	Spanish Sales	Renato	Mario	-	-	-	Suzy
100298	Gaurav Baura 	Cruz	DEL	LBF	Spanish Sales	Renato	Mario	-	-	-	Suzy
100479	Dheeraj Chetiwal 	Valentino	DEL	LBF	Spanish Sales	Renato	Mario	-	-	-	Suzy
100321	Afroz Khan	Gabriel	DEL	LBF	LFF	-	-	-	-	Ryder	Hank
100366	Ramandeep Singh	Robbie	DEL	LBF	LFF	-	-	-	-	Ryder	Hank
100319	Tasneeful Islam Siddqui	Thom	DEL	LBF	LFF	-	-	-	-	Ryder	Hank
100365	Rahul Verma	Arvy	DEL	LBF	Salvage	-	-	-	-	Ryder	Hank
100458	Sandeep Dogra	Logan	DEL	LBF	Salvage	-	-	-	-	Ryder	Hank
100612	Ashish Singh	Grayson	DEL	LBF	Hotels	Kenneth	-	-	Lexi	-	Lexi
100570	Ankit Saxena	Jacob	DEL	LBF	Hotels	Kenneth	-	-	Lexi	-	Lexi
100609	Vikash Kumar	Watson	DEL	LBF	Hotels	Kenneth	-	-	Lexi	-	Lexi
100606	Chandan Kumar Tiwari	Nicholas	DEL	LBF	Hotels	Kenneth	-	-	Lexi	-	Lexi
100625	Eloni	Elice	DEL	ABS	Hotels	Kenneth	-	-	Lexi	-	Lexi
100649	Nikesh Kumar Dubey	Craig	DEL	ABS	Hotels	Kenneth	-	-	Lexi	-	Lexi
100665	Rakesh Singh	Jake	DEL	ABS	Hotels	Kenneth	-	-	Lexi	-	Lexi
100748	Sameer Jha	Darwin	DEL	ABS	Hotels	Kenneth	-	-	Lexi	-	Lexi
100496	Raghwendra Kumar	Ross	DEL	LBF	Hotels	Kenneth	-	-	Lexi	-	Lexi
100681	Nitin Rathour	Christopher	DEL	LBF	Hotels	Kenneth	-	-	Lexi	-	Lexi
100376	Kailash Chandra	Kenneth	DEL	LBF	Hotels	-	-	-	Lexi	-	Lexi
100381	Louriyam Jibanlata Devi	Lexi	DEL	LBF	Hotels	-	-	-	Lexi	-	Lexi
100803	Naveen Kumar	Alonso	DEL	LBF	ERT/Chat	-	Xavier	-	-	April	April
100630	Shubham Kumar Jha 	Kace 	DEL	LBF	ERT/Chat	-	Xavier	-	-	April	April
100807	Tanveer Alam	Santos	DEL	LBF	ERT/Chat	-	Xavier	-	-	April	April
100525	Karan	Otis	DEL	LBF	ERT/Chat	-	Xavier	-	-	April	April
100767	Kirti	Keeru	DEL	LBF	ERT/Chat	-	Xavier	-	-	April	April
100826	Abhijeet kumar	Alfred	DEL	LBF	ERT/Chat	-	Xavier	-	-	April	April
100843	Lucky	Simon	DEL	LBF	ERT/Chat		Xavier	-	-	April	April
100567	Akshay Malik	Kal	DEL	LBF	ERT/Chat	-	Xavier	-	-	April	April
100454	Jagjeet Singh	Henry	DEL	LBF	QC	-	-	-	-	April	April
100852	Manoj Kumar Kohli	Mack	DEL	LBF	QC	-	-	-	-	April	April
100413	Pankaj Kumar	Matt	DEL	LBF	QC	-	-	-	-	April	April
100797	MD Ahtesham Alam	Aleem	DEL	LBF	Sched Change	-	-	-	-	April	April
100825	Jatin Makhija	Joel	DEL	LBF	Sched Change	-	-	-	-	April	April
100581	Manish Singh Gosain	Cooper	DEL	LBF	CCD	-	-	-	-	April	April
100520	Anjali Negi	Nohemi	DEL	LBF	CCD	-	-	-	-	April	April
100344	Amber Dhulia	Xavier	DEL	LBF	ERT/Chat	-	-	-	-	April	April
100339	Tini Mohini Thapa	April	DEL	LBF	ERT/Chat	-	-	-	-	-	April
100599	Bhuwan Manchanda	Braxton	DEL	LBF-TSS	Military Fares	-	Morgan	-	-	April	April
100795	Kuldeep Kumar	Keith	DEL	LBF-TSS	Military Fares	-	Morgan	-	-	April	April
100831	Sparsh Saxena	Silvester	DEL	LBF-TSS	Military Fares	-	Morgan	-	-	April	April
100618	Trijyot Singh	Trance	DEL	LBF-TSS	Military Fares	-	Morgan	-	-	April	April
100396	Karamveer Singh	Karson	DEL	LBF-TSS	Military Fares	-	Morgan	-	-	April	April
100249	Varun	Morgan	DEL	LBF-TSS	Military Fares	-	-	-	-	April	April
100446	Rohan Mahato	Edwin	DEL	LBF	Insurance	-	Will/Rowen	-	-	-	Hank
100414	Sourabh Kumar	Silvio	DEL	LBF	CCV	Markos	-	-	-	-	Cintom
100575	Harshita Kushwaha	Maria	DEL	LBF	CCV	Markos	-	-	-	-	Cintom
100578	Harshpreet Kaur	Sej	DEL	LBF	CCV	Markos	-	-	-	-	Cintom
100851	Manoj Kumar Jain	Markos	DEL	LBF	CCV	-	-	-	-	-	Cintom
100314	Cintom	Cintom	DEL	LBF	CCV	-	-	-	-	-	Cintom
100646	Bibhishan Tanti	Btanti	DEL	LBF	Ticketing	-	Starr	-	-	Ryder	Alan
100400	Deepak	Borris	DEL	LBF	Ticketing	-	Starr	-	-	Ryder	Alan
100798	Vaibhav Kalra	Vaughn	DEL	LBF	Ticketing	-	Starr	-	-	Ryder	Alan
100583	Harsh Singh	Harper	DEL	LBF	Ticketing	-	Starr	-	-	Ryder	Alan
100438	Kuldeep Singh Bartwal	Kelvin	DEL	LBF	Ticketing	-	Starr	-	-	Ryder	Alan
100582	Sapna Sharma	Saffron	DEL	LBF	Ticketing	-	Starr	-	-	Ryder	Alan
100696	Pranjul Mishra	Daxton	DEL	LBF	Ticketing	-	Starr	-	-	Ryder	Alan
100390	Sunil Kumar Singh	Starr	DEL	LBF	Ticketing	-	-	-	-	Ryder	Alan
100562	Rahul Sunia	Ryder	DEL	LBF	Ticketing	-	-	-	-	-	Alan
100801	Sunny Wahengbam	Oliver	DEL	LBF	Chargeback	-	-	-	-	April	April
100607	Kesu K Zimik	Ronick	DEL	LBF	Chargeback	-	-	-	-	April	April
100711	Vinay Kumar Choudhary	Vinay	DEL	LBF	ARC	-	-	-	-	-	Ryder
100302	Vikrant	Vikrant	DEL	ABS	Marketing	-	-	-	Nishant	-	Alan
100723	Akhil Kr. Jha	Akhil	DEL	ABS	Marketing	-	-	-	Nishant	-	Alan
100728	Dhurv Sharma	Dhurv	DEL	ABS	Marketing	-	-	-	Nishant	-	Alan
100740	Geetika Pandey	Geetika	DEL	ABS	Marketing	-	-	-	Nishant	-	Alan
100788	Maheshwari Manral	Maheshwari	DEL	ABS	Marketing	-	-	-	Nishant	-	Alan
100835	Pankaj Sharma	Pankaj	DEL	ABS	Technology	-	-	-	Nishant	-	Alan
100168	Abhinav Sharma	Abhinav	DEL	ABS	Technology	-	-	-	Nishant	-	Alan
100238	Bikash Kumar Jha	Bikash	DEL	ABS	Technology	-	-	-	Nishant	-	Alan
100791	Ranjan Vishwakarma	Ranjan	DEL	ABS	Technology	-	-	-	Nishant	-	Alan
100397	Nishant Sudan	Nishant	DEL	ABS	Technology	-	-	-	-	-	Alan
100240	Sharan Spall	Sharan	DEL	ABS	IT	-	-	-	-	-	Romy
100350	Mohd Masroor	Masroor	DEL	LBF	IT	-	-	-	Sharan	-	Romy
100691	Satyam Singh	Satyam	DEL	ABS	IT	-	-	-	Sharan	-	Romy
100633	Leeladhar Pant	Leeladhar	DEL	ABS	AQC	Arjun	Awanish	-	-	-	Alan
100373	Arjun Singh	Arjun	DEL	LBF	AQC	-	Awanish	-	-	-	Alan
100309	Awanish Mishra	Awanish	DEL	ABS	AQC	-	-	-	-	-	Alan
100770	Ritesh Hirawat	Ritesh	DEL	ABS/LBF	Finance	-	-	-	-	-	Romy
100459	Amit	Amit	DEL	ABS/LBF	Finance	-	-	-	-	-	Romy
100432	Gurdyal Singh 	Gurdyal	DEL	ABS/LBF	Finance	-	-	-	-	-	Romy
100659	Gurpal Singh	Gurpal	DEL	ABS/LBF	Finance	-	-	-	-	-	Romy
100701	Vaishali Gupta	Vaishali	DEL	ABS/LBF	HR	-	-	-	-	-	Romy
100722	Aamir Hussain	Aamir	DEL	ABS/LBF	HR	-	-	Jahanvi	Vaishali	-	Romy
100850	Jahanvi Oberoi	Jahanvi	CHD	ABS/LBF	HR	-	-	-	Vaishali	-	Romy
100604	Akashdeep Singh	Silas	DEL	LBF	Quality	-	-	-	-	-	Suzy
100753	Monalisha Hazarika	Mili	DEL	LBF	Quality	-	-	-	-	-	Suzy
100841	Pritha Roy	Emma	DEL	ABS	Quality	-	-	-	-	-	Suzy
100750	Shivani Sameer	Grace	DEL	ABS	Quality	-	-	-	-	-	Suzy
100385	Gajender Singh	Gajender	DEL	ABS/LBF	Transport	-	-	-	-	-	Romy
100007	Abhishek Kumar	Alan	DEL	LBF	Operations	-	-	-	-	-	Romy
100362	Aadesh Rajput	Stuart	DEL	ABS	WFM	-	-	-	-	-	Alan
100550	Ashish Punia	Ashley	DEL	ABS	WFM	-	-	Stuart	-	-	Alan
100818	Nakul Sharma	Nixon	DEL	ABS	WFM	-	-	Stuart	-	-	Alan
